Workbook

Sheet Licences_Logicielles
A1: ID | B1: Logiciel | C1: Éditeur | D1: Nb licences | E1: Type | F1: Responsable | G1: Direction utilisatrice | H1: Date début | I1: Date expiration | J1: Jours restants | K1: Criticité | L1: Coût annuel | M1: Budget prévu | N1: Statut | O1: Action | P1: Observation
A2: LIC-001 | B2: Microsoft 365 E3 | C2: Microsoft | D2: 1200 | E2: Abonnement | F2: Admin M365 | G2: Toutes directions | H2: 46023 | I2: 46387 | J2: =I2-TODAY() -> 175 | K2: Critique | L2: 45000000 | M2: 50000000 | N2: =IF(J2<=0,"EXPIRÉ",IF(J2<=30,"CRITIQUE",IF(J2<=90,"ALERTE","OK"))) -> OK | O2: Préparer renouvellement annuel | P2: Messagerie, Teams, OneDrive
A3: LIC-002 | B3: VMware vSphere Standard | C3: Broadcom VMware | D3: 12 | E3: Souscription | F3: Admin Virtualisation | G3: DSI | H3: 45870 | I3: 46235 | J3: =I3-TODAY() -> 23 | K3: Critique | L3: 18000000 | M3: 20000000 | N3: =IF(J3<=0,"EXPIRÉ",IF(J3<=30,"CRITIQUE",IF(J3<=90,"ALERTE","OK"))) -> CRITIQUE | O3: Lancer demande de cotation | P3: Support cluster production
A4: LIC-003 | B4: FortiAnalyzer VM | C4: Fortinet | D4: 2 | E4: Abonnement | F4: Admin Sécurité | G4: DSI/SOC | H4: 46068 | I4: 46433 | J4: =I4-TODAY() -> 221 | K4: Élevée | L4: 7500000 | M4: 8000000 | N4: =IF(J4<=0,"EXPIRÉ",IF(J4<=30,"CRITIQUE",IF(J4<=90,"ALERTE","OK"))) -> OK | O4: Surveiller | P4: Logs sécurité
A5: LIC-004 | B5: Veeam Backup & Replication | C5: Veeam | D5: 4 | E5: Abonnement | F5: Admin Backup | G5: DSI | H5: 46122 | I5: 46487 | J5: =I5-TODAY() -> 275 | K5: Critique | L5: 6200000 | M5: 7000000 | N5: =IF(J5<=0,"EXPIRÉ",IF(J5<=30,"CRITIQUE",IF(J5<=90,"ALERTE","OK"))) -> OK | O5: Surveiller | P5: Sauvegarde VM critiques
A6: LIC-005 | B6: GLPI Support | C6: Teclib | D6: 1 | E6: Support annuel | F6: Responsable Support | G6: DSI Support | H6: 46143 | I6: 46508 | J6: =I6-TODAY() -> 296 | K6: Moyenne | L6: 1500000 | M6: 2000000 | N6: =IF(J6<=0,"EXPIRÉ",IF(J6<=30,"CRITIQUE",IF(J6<=90,"ALERTE","OK"))) -> OK | O6: Surveiller | P6: ITSM et inventaire
A7: LIC-006 | B7: Antivirus Endpoint | C7: Éditeur sécurité | D7: 1800 | E7: Abonnement | F7: Admin Sécurité | G7: Toutes directions | H7: 45962 | I7: 46327 | J7: =I7-TODAY() -> 115 | K7: Critique | L7: 24000000 | M7: 26000000 | N7: =IF(J7<=0,"EXPIRÉ",IF(J7<=30,"CRITIQUE",IF(J7<=90,"ALERTE","OK"))) -> OK | O7: Préparer renouvellement | P7: Protection postes utilisateurs
A8: LIC-007 | B8: WP-Rocket | C8: WP Media | D8: 1 | E8: Abonnement | F8: Webmaster | G8: DSI | H8: 45947 | I8: 46311 | J8: =I8-TODAY() -> 99 | K8: Moyenne | L8: 182900 | N8: OK | O8: Surveiller | P8: Fluidité du site
A9: LIC-008 | B9: Uncanny Automator | C9: Uncanny Owl | D9: 1 | E9: Abonnement | F9: Webmaster | G9: DSI | H9: 45965 | I9: 46329 | J9: =I9-TODAY() -> 117 | K9: Faible | L9: 351050 | N9: OK | O9: Surveiller | P9: APIs canaux de diffusion
A10: LIC-009 | B10: Elementor | C10: Elementor Ltd. | D10: 1 | E10: Abonnement | F10: Webmaster | G10: DSI | H10: 45948 | I10: 46312 | J10: =I10-TODAY() -> 100 | K10: Moyenne | L10: 185850 | N10: OK | O10: Surveiller | P10: Construction du site
A11: LIC-010 | B11: Yoast SEO | C11: Newfold Digital | D11: 1 | E11: Abonnement | F11: Webmaster | G11: DSI - CCOM | H11: 45869 | I11: 46233 | J11: =I11-TODAY() -> 21 | K11: Moyenne | L11: 387040 | N11: CRITIQUE | O11: Préparer renouvellement | P11: Référencement
A12: LIC-011 | B12: WordFence | C12: Defiant Inc. | D12: 1 | E12: Abonnement | F12: Webmaster | G12: DSI | H12: 45954 | I12: 46318 | J12: =I12-TODAY() -> 106 | K12: Élevée | L12: 272580 | N12: OK | O12: Surveiller | P12: Securité
A13: LIC-012 | B13: Figma | C13: Figma, Inc. | D13: 1 | E13: Abonnement | F13: Webmaster | G13: DSI | H13: 45869 | I13: 46233 | J13: =I13-TODAY() -> 21 | K13: Faible | L13: 1197700 | N13: CRITIQUE | O13: Préparer renouvellement | P13: Design

Sheet Certificats
A1: ID | B1: Service/Domaine | C1: Type certificat | D1: Autorité | E1: Serveur/Application | F1: Environnement | G1: Date émission | H1: Date expiration | I1: Jours restants | J1: Responsable | K1: Statut | L1: Action | M1: Observation
A2: CERT-001 | B2: portail.sbee.bj | C2: SSL/TLS | D2: Let's Encrypt | E2: Reverse proxy Web | F2: Production | G2: 46143 | H2: 46235 | I2: =H2-TODAY() -> 23 | J2: Admin Web | K2: =IF(I2<=0,"EXPIRÉ",IF(I2<=30,"CRITIQUE",IF(I2<=90,"ALERTE","OK"))) -> CRITIQUE | L2: Renouveler avant J-15 | M2: Automatisation à vérifier
A3: CERT-002 | B3: vpn.sbee.bj | C3: TLS VPN | D3: DigiCert | E3: Firewall VPN | F3: Production | G3: 46023 | H3: 46388 | I3: =H3-TODAY() -> 176 | J3: Admin Réseau | K3: =IF(I3<=0,"EXPIRÉ",IF(I3<=30,"CRITIQUE",IF(I3<=90,"ALERTE","OK"))) -> OK | L3: Surveiller | M3: Accès distant
A4: CERT-003 | B4: mail.sbee.bj | C4: Wildcard SSL | D4: Sectigo | E4: Messagerie | F4: Production | G4: 46096 | H4: 46218 | I4: =H4-TODAY() -> 6 | J4: Admin M365 | K4: =IF(I4<=0,"EXPIRÉ",IF(I4<=30,"CRITIQUE",IF(I4<=90,"ALERTE","OK"))) -> CRITIQUE | L4: Renouvellement urgent | M4: Risque alerte navigateur/mail
A5: CERT-004 | B5: api-facturation.sbee.bj | C5: SSL/TLS | D5: DigiCert | E5: API Gateway | F5: Production | G5: 46174 | H5: 46539 | I5: =H5-TODAY() -> 327 | J5: Responsable Applicatif | K5: =IF(I5<=0,"EXPIRÉ",IF(I5<=30,"CRITIQUE",IF(I5<=90,"ALERTE","OK"))) -> OK | L5: Surveiller | M5: API critique
A6: CERT-005 | B6: intranet.sbee.local | C6: Certificat interne | D6: AD CS | E6: Serveur Intranet | F6: Interne | G6: 45931 | H6: 46296 | I6: =H6-TODAY() -> 84 | J6: Admin Système | K6: =IF(I6<=0,"EXPIRÉ",IF(I6<=30,"CRITIQUE",IF(I6<=90,"ALERTE","OK"))) -> ALERTE | L6: Planifier renouvellement | M6: Certificat interne
A7: CERT-005 | B7: sbee.bj | C7: Wildcard SSL | D7: Sectigo | E7: Site web / Domaine sbee.bj | F7: Production et interne | G7: 46121 | H7: 46487 | I7: =H7-TODAY() -> 275 | J7: Webmaster | K7: OK | L7: Surveiller | M7: Accès distant

Sheet Materiels
A1: ID | B1: Équipement | C1: Marque | D1: Modèle | E1: Colonne1 | F1: Site | G1: N° série | H1: Date acquisition | I1: Fin garantie | J1: Fin support | K1: Jours restants | L1: Criticité | M1: Contrat support | N1: Coût renouvellement | O1: Statut | P1: Action
A2: MAT-001 | B2: Firewall périmétrique | C2: Fortinet | D2: FortiGate 200F | F2: Datacenter principal | G2: FG200FXX001 | H2: 45516 | I2: 46611 | J2: 46611 | K2: =J2-TODAY() -> 399 | L2: Critique | M2: Support Premium | N2: 12000000 | O2: =IF(K2<=0,"EXPIRÉ",IF(K2<=30,"CRITIQUE",IF(K2<=90,"ALERTE","OK"))) -> OK | P2: Surveiller
A3: MAT-002 | B3: Switch cœur réseau | C3: Cisco | D3: Catalyst 9500 | F3: Datacenter principal | G3: CAT9500XX002 | H3: 45179 | I3: 46275 | J3: 46275 | K3: =J3-TODAY() -> 63 | L3: Critique | M3: SmartNet | N3: 9500000 | O3: =IF(K3<=0,"EXPIRÉ",IF(K3<=30,"CRITIQUE",IF(K3<=90,"ALERTE","OK"))) -> ALERTE | P3: Renouveler support
A4: MAT-003 | B4: Serveur virtualisation 01 | C4: HPE | D4: DL380 Gen10 | F4: Datacenter principal | G4: HPE380XX003 | H4: 44713 | I4: 46203 | J4: 46203 | K4: =J4-TODAY() -> -9 | L4: Critique | M4: Support constructeur | N4: 7500000 | O4: =IF(K4<=0,"EXPIRÉ",IF(K4<=30,"CRITIQUE",IF(K4<=90,"ALERTE","OK"))) -> EXPIRÉ | P4: Action urgente
A5: MAT-004 | B5: Baie stockage SAN | C5: Dell EMC | D5: Unity XT | F5: Datacenter principal | G5: DELLSANXX004 | H5: 44941 | I5: 46402 | J5: 46402 | K5: =J5-TODAY() -> 190 | L5: Critique | M5: ProSupport | N5: 15000000 | O5: =IF(K5<=0,"EXPIRÉ",IF(K5<=30,"CRITIQUE",IF(K5<=90,"ALERTE","OK"))) -> OK | P5: Surveiller
A6: MAT-005 | B6: Routeur agence | C6: Cisco | D6: ISR 4331 | F6: Agence Porto-Novo | G6: ISR4331XX005 | H6: 44531 | I6: 46357 | J6: 46357 | K6: =J6-TODAY() -> 145 | L6: Élevée | M6: SmartNet | N6: 3000000 | O6: =IF(K6<=0,"EXPIRÉ",IF(K6<=30,"CRITIQUE",IF(K6<=90,"ALERTE","OK"))) -> OK | P6: Prévoir budget
A7: MAT-006 | E7: L-FPR1120T-TMC-1Y
A8: MAT-007 | E8: L-AC-PLS-1Y-S2
E9: L-AC-PLS-1Y-S2
C14: Cisco | D14: 2 | F14: Abonnement | G14: Service SRTT | H14: DSI-TD | I14: 45986 | J14: 46350 | K14: 145 | L14: Élevée | M14: Sous seuil de dispense 4 000 000 XOF | P14: Surveiller
D15: 100 | F15: Abonnement | I15: 45622 | J15: 46716 | K15: 511 | L15: Moyenne | P15: Surveiller
D16: 200 | F16: Abonnement | I16: 46027 | J16: 46391 | K16: 186 | L16: Moyenne | P16: Surveiller

Sheet Applications
A1: ID | B1: Application | C1: Propriétaire métier | D1: Environnement | E1: Hébergement | F1: Prestataire | G1: Contrat maintenance | H1: Date début contrat | I1: Date fin contrat | J1: Jours restants | K1: Criticité | L1: SLA | M1: Coût annuel | N1: Statut | O1: Action
A2: APP-001 | B2: Application de facturation | C2: Direction Commerciale | D2: Production | E2: Datacenter | F2: Prestataire A | G2: Maintenance corrective/évolutive | H2: 46023 | I2: 46387 | J2: =I2-TODAY() -> 175 | K2: Critique | L2: 99,5% | M2: 30000000 | N2: =IF(J2<=0,"EXPIRÉ",IF(J2<=30,"CRITIQUE",IF(J2<=90,"ALERTE","OK"))) -> OK | O2: Renouveler contrat
A3: APP-002 | B3: SIRH | C3: DRH | D3: Production | E3: Cloud privé | F3: Prestataire B | G3: Support annuel | H3: 46082 | I3: 46447 | J3: =I3-TODAY() -> 235 | K3: Élevée | L3: Heures ouvrées | M3: 8000000 | N3: =IF(J3<=0,"EXPIRÉ",IF(J3<=30,"CRITIQUE",IF(J3<=90,"ALERTE","OK"))) -> OK | O3: Surveiller
A4: APP-003 | B4: GED Courriers | C4: Secrétariat Général | D4: Production | E4: Datacenter | F4: Prestataire C | G4: Maintenance annuelle | H4: 45931 | I4: 46296 | J4: =I4-TODAY() -> 84 | K4: Moyenne | L4: Heures ouvrées | M4: 5000000 | N4: =IF(J4<=0,"EXPIRÉ",IF(J4<=30,"CRITIQUE",IF(J4<=90,"ALERTE","OK"))) -> ALERTE | O4: Planifier renouvellement
A5: APP-004 | B5: Portail client | C5: Direction Clientèle | D5: Production | E5: Cloud | F5: Prestataire D | G5: Support + hébergement | H5: 46174 | I5: 46539 | J5: =I5-TODAY() -> 327 | K5: Critique | L5: 99,9% | M5: 18000000 | N5: =IF(J5<=0,"EXPIRÉ",IF(J5<=30,"CRITIQUE",IF(J5<=90,"ALERTE","OK"))) -> OK | O5: Surveiller
A6: APP-005 | B6: Supervision réseau | C6: DSI | D6: Production | E6: Datacenter | F6: Interne | G6: Support communautaire | H6: 46023 | I6: 46266 | J6: =I6-TODAY() -> 54 | K6: Élevée | L6: Best effort | M6: 2000000 | N6: =IF(J6<=0,"EXPIRÉ",IF(J6<=30,"CRITIQUE",IF(J6<=90,"ALERTE","OK"))) -> ALERTE | O6: Évaluer support pro

Sheet Contrats_Fournisseurs
A1: ID | B1: Fournisseur | C1: Type contrat | D1: Référence marché/BC | E1: Périmètre | F1: Responsable interne | G1: Date début | H1: Date fin | I1: Jours restants | J1: Montant annuel | K1: Statut | L1: Préavis contractuel | M1: Action
A2: CTR-001 | I2: =H2-TODAY() -> -46212
A3: CTR-002 | I3: =H3-TODAY() -> -46212
A4: CTR-003 | I4: =H4-TODAY() -> -46212
A5: CTR-004 | I5: =H5-TODAY() -> -46212
A6: CTR-005 | I6: =H6-TODAY() -> -46212
A7: CTR-006 | B7: Fournissuer VPS | C7: Hébergement cloud | E7: Internet | F7: Webmaster | G7: 45986 | H7: 46716 | I7: =H7-TODAY() -> 504 | J7: 3648560 | K7: OK

Sheet Planning_Renouvellement
A1: ID | B1: Actif | C1: Catégorie | D1: Responsable | E1: Date expiration | F1: Jours restants | G1: Préavis J-90 | H1: Préavis J-60 | I1: Préavis J-30 | J1: Priorité | K1: Budget estimé | L1: Action | M1: État avancement
A2: PLAN-001 | B2: VMware vSphere Standard | C2: Licence | D2: Admin Virtualisation | E2: 46235 | F2: =E2-TODAY() -> 23 | G2: =E2-90 -> 46145 | H2: =E2-60 -> 46175 | I2: =E2-30 -> 46205 | J2: Critique | K2: 20000000 | L2: Lancer expression de besoin | M2: À initier
A3: PLAN-002 | B3: mail.sbee.bj | C3: Certificat | D3: Admin M365 | E3: 46218 | F3: =E3-TODAY() -> 6 | G3: =E3-90 -> 46128 | H3: =E3-60 -> 46158 | I3: =E3-30 -> 46188 | J3: Critique | K3: 500000 | L3: Renouveler certificat | M3: En cours
A4: PLAN-003 | B4: Switch cœur réseau Catalyst 9500 | C4: Matériel support | D4: Resp. Réseau | E4: 46275 | F4: =E4-TODAY() -> 63 | G4: =E4-90 -> 46185 | H4: =E4-60 -> 46215 | I4: =E4-30 -> 46245 | J4: Critique | K4: 9500000 | L4: Renouveler SmartNet | M4: À initier
A5: PLAN-004 | B5: Contrat SOC/Monitoring | C5: Contrat fournisseur | D5: RSSI | E5: 46266 | F5: =E5-TODAY() -> 54 | G5: =E5-90 -> 46176 | H5: =E5-60 -> 46206 | I5: =E5-30 -> 46236 | J5: Critique | K5: 36000000 | L5: Arbitrage renouvellement | M5: À initier
A6: PLAN-005 | B6: Application de facturation | C6: Application métier | D6: Resp. Applicatif | E6: 46387 | F6: =E6-TODAY() -> 175 | G6: =E6-90 -> 46297 | H6: =E6-60 -> 46327 | I6: =E6-30 -> 46357 | J6: Critique | K6: 30000000 | L6: Préparer marché | M6: Non démarré
A7: PLAN-006 | B7: Antivirus Endpoint | C7: Licence | D7: Admin Sécurité | E7: 46327 | F7: =E7-TODAY() -> 115 | G7: =E7-90 -> 46237 | H7: =E7-60 -> 46267 | I7: =E7-30 -> 46297 | J7: Critique | K7: 26000000 | L7: Préparer renouvellement | M7: Non démarré

Sheet Dashboard
A1: TABLEAU DE BORD - Suivi des licences, certificats, matériels et contrats
A3: Indicateur | B3: Valeur | C3: Commentaire
A4: Total licences suivies | B4: =COUNTA(Licences_Logicielles!A2:A101) -> 12 | C4: Toutes licences logicielles
A5: Total certificats suivis | B5: =COUNTA(Certificats!A2:A100) -> 6 | C5: Certificats SSL/TLS et internes
A6: Total matériels suivis | B6: =COUNTA(Materiels!A2:A107) -> 7 | C6: Garantie / support constructeur
A7: Total applications suivies | B7: =COUNTA(Applications!A2:A100) -> 5 | C7: Contrats maintenance applicative
A8: Total contrats fournisseurs | B8: =COUNTA(Contrats_Fournisseurs!A2:A100) -> 6 | C8: Contrats DSI et prestataires
A9: Échéances critiques < 30 j | B9: =COUNTIF(Licences_Logicielles!J2:J13,"<=30")+COUNTIF(Certificats!I2:I7,"<=30")+COUNTIF(Materiels!K2:K9,"<=30")+COUNTIF(Applications!J2:J6,"<=30")+COUNTIF(Contrats_Fournisseurs!I2:I7,"<=30") -> 11 | C9: À traiter en priorité
A10: Échéances à surveiller < 90 j | B10: =COUNTIF(Licences_Logicielles!J2:J13,"<=90")+COUNTIF(Certificats!I2:I7,"<=90")+COUNTIF(Materiels!K2:K9,"<=90")+COUNTIF(Applications!J2:J6,"<=90")+COUNTIF(Contrats_Fournisseurs!I2:I7,"<=90") -> 15 | C10: Préparation renouvellement
A11: Budget estimé renouvellements | B11: =SUM(Licences_Logicielles!M2:M13)+SUM(Materiels!N2:N9)+SUM(Applications!M2:M6)+SUM(Contrats_Fournisseurs!J2:J7)+SUM(Planning_Renouvellement!K2:K7) -> 348648560 | C11: Budget fictif consolidé
A13: Répartition des actifs par catégorie | D13: Légende d'alerte
A14: Catégorie | B14: Nombre | D14: Statut | E14: Règle
A15: Licences | B15: =B4 -> 12 | D15: CRITIQUE | E15: Jours restants ≤ 30 ou expiré
A16: Certificats | B16: =B5 -> 6 | D16: ALERTE | E16: 31 à 90 jours
A17: Matériels | B17: =B6 -> 7 | D17: OK | E17: > 90 jours
A18: Applications | B18: =B7 -> 5
A19: Contrats fournisseurs | B19: =B8 -> 6
